qpcr_date,Position,sample,density,comments
20180704,A1,,1.70E-01,
20180704,A2,,1.70E-01,
20180704,A3,,1.70E-01,
20180704,A4,,1.50E-01,
20180704,A5,,1.50E-01,
20180704,A6,,1.50E-01,
20180704,A7,1,,
20180704,A8,1,,
20180704,A9,1,,
20180704,A10,97,,
20180704,A11,97,,
20180704,A12,97,,
20180704,A13,228,,
20180704,A14,228,,
20180704,A15,228,,
20180704,A16,244,,
20180704,A17,244,,
20180704,A18,244,,
20180704,A19,328,,
20180704,A20,328,,
20180704,A21,328,,
20180704,A22,548,,
20180704,A23,548,,
20180704,A24,548,,
20180704,B1,,1.70E-02,
20180704,B2,,1.70E-02,
20180704,B3,,1.70E-02,
20180704,B4,,1.50E-02,
20180704,B5,,1.50E-02,
20180704,B6,,1.50E-02,
20180704,B7,2,,
20180704,B8,2,,
20180704,B9,2,,
20180704,B10,98,,
20180704,B11,98,,
20180704,B12,98,,
20180704,B13,229,,
20180704,B14,229,,
20180704,B15,229,,
20180704,B16,245,,
20180704,B17,245,,
20180704,B18,245,,
20180704,B19,329,,
20180704,B20,329,,
20180704,B21,329,,
20180704,B22,547,,
20180704,B23,547,,
20180704,B24,547,,
20180704,C1,,1.70E-03,
20180704,C2,,1.70E-03,
20180704,C3,,1.70E-03,
20180704,C4,,1.50E-03,
20180704,C5,,1.50E-03,
20180704,C6,,1.50E-03,
20180704,C7,3,,
20180704,C8,3,,
20180704,C9,3,,
20180704,C10,99,,
20180704,C11,99,,
20180704,C12,99,,
20180704,C13,230,,
20180704,C14,230,,
20180704,C15,230,,
20180704,C16,253,,
20180704,C17,253,,
20180704,C18,253,,
20180704,C19,341,,
20180704,C20,341,,
20180704,C21,341,,
20180704,C22,501,,
20180704,C23,501,,
20180704,C24,501,,
20180704,D1,,1.70E-04,
20180704,D2,,1.70E-04,
20180704,D3,,1.70E-04,
20180704,D4,,1.50E-04,
20180704,D5,,1.50E-04,
20180704,D6,,1.50E-04,
20180704,D7,4,,
20180704,D8,4,,
20180704,D9,4,,
20180704,D10,113,,
20180704,D11,113,,
20180704,D12,113,,
20180704,D13,231,,
20180704,D14,231,,
20180704,D15,231,,
20180704,D16,255,,
20180704,D17,255,,
20180704,D18,255,,
20180704,D19,342,,
20180704,D20,342,,
20180704,D21,342,,
20180704,D22,500,,
20180704,D23,500,,
20180704,D24,500,,
20180704,E1,,1.70E-05,
20180704,E2,,1.70E-05,
20180704,E3,,1.70E-05,
20180704,E4,,1.50E-05,
20180704,E5,,1.50E-05,
20180704,E6,,1.50E-05,
20180704,E7,25,,
20180704,E8,25,,
20180704,E9,25,,
20180704,E10,114,,
20180704,E11,114,,
20180704,E12,114,,
20180704,E13,232,,
20180704,E14,232,,
20180704,E15,232,,
20180704,E16,256,,
20180704,E17,256,,
20180704,E18,256,,
20180704,E19,345,,
20180704,E20,345,,
20180704,E21,345,,
20180704,E22,499,,
20180704,E23,499,,
20180704,E24,499,,
20180704,F1,,1.70E-06,
20180704,F2,,1.70E-06,
20180704,F3,,1.70E-06,
20180704,F4,,1.50E-06,
20180704,F5,,1.50E-06,
20180704,F6,,1.50E-06,
20180704,F7,26,,
20180704,F8,26,,
20180704,F9,26,,
20180704,F10,115,,
20180704,F11,115,,
20180704,F12,115,,
20180704,F13,235,,
20180704,F14,235,,
20180704,F15,235,,
20180704,F16,264,,
20180704,F17,264,,
20180704,F18,264,,
20180704,F19,351,,
20180704,F20,351,,
20180704,F21,351,,
20180704,F22,498,,
20180704,F23,498,,
20180704,F24,498,,
20180704,G1,,1.70E-07,
20180704,G2,,1.70E-07,
20180704,G3,,1.70E-07,
20180704,G4,,1.50E-07,
20180704,G5,,1.50E-07,
20180704,G6,,1.50E-07,
20180704,G7,91,,
20180704,G8,91,,
20180704,G9,91,,
20180704,G10,118,,
20180704,G11,118,,
20180704,G12,118,,
20180704,G13,236,,
20180704,G14,236,,
20180704,G15,236,,
20180704,G16,265,,
20180704,G17,265,,
20180704,G18,265,,
20180704,G19,354,,
20180704,G20,354,,
20180704,G21,354,,
20180704,G22,497,,
20180704,G23,497,,
20180704,G24,497,,
20180704,H1,ntc,,
20180704,H2,ntc,,
20180704,H3,ntc,,
20180704,H4,ntc,,
20180704,H5,ntc,,
20180704,H6,ntc,,
20180704,H7,96,,
20180704,H8,96,,
20180704,H9,96,,
20180704,H10,227,,
20180704,H11,227,,
20180704,H12,227,,
20180704,H13,241,,
20180704,H14,241,,
20180704,H15,241,,
20180704,H16,327,,
20180704,H17,327,,
20180704,H18,327,,
20180704,H19,355,,
20180704,H20,355,,
20180704,H21,355,,
20180704,H22,496,,
20180704,H23,496,,
20180704,H24,496,,
20180704,I1,495,,
20180704,I2,495,,
20180704,I3,495,,
20180704,I4,487,,
20180704,I5,487,,
20180704,I6,487,,
20180704,I7,,,
20180704,I8,,,
20180704,I9,,,
20180704,I10,,,
20180704,I11,,,
20180704,I12,,,
20180704,I13,,,
20180704,I14,,,
20180704,I15,,,
20180704,I16,,,
20180704,I17,,,
20180704,I18,,,
20180704,I19,,,
20180704,I20,,,
20180704,I21,,,
20180704,I22,,,
20180704,I23,,,
20180704,I24,,,
20180704,J1,494,,
20180704,J2,494,,
20180704,J3,494,,
20180704,J4,486,,
20180704,J5,486,,
20180704,J6,486,,
20180704,J7,,,
20180704,J8,,,
20180704,J9,,,
20180704,J10,,,
20180704,J11,,,
20180704,J12,,,
20180704,J13,,,
20180704,J14,,,
20180704,J15,,,
20180704,J16,,,
20180704,J17,,,
20180704,J18,,,
20180704,J19,,,
20180704,J20,,,
20180704,J21,,,
20180704,J22,,,
20180704,J23,,,
20180704,J24,,,
20180704,K1,493,,
20180704,K2,493,,
20180704,K3,493,,
20180704,K4,484,,
20180704,K5,484,,
20180704,K6,484,,
20180704,K7,,,
20180704,K8,,,
20180704,K9,,,
20180704,K10,,,
20180704,K11,,,
20180704,K12,,,
20180704,K13,,,
20180704,K14,,,
20180704,K15,,,
20180704,K16,,,
20180704,K17,,,
20180704,K18,,,
20180704,K19,,,
20180704,K20,,,
20180704,K21,,,
20180704,K22,,,
20180704,K23,,,
20180704,K24,,,
20180704,L1,492,,
20180704,L2,492,,
20180704,L3,492,,
20180704,L4,483,,
20180704,L5,483,,
20180704,L6,483,,
20180704,L7,,,
20180704,L8,,,
20180704,L9,,,
20180704,L10,,,
20180704,L11,,,
20180704,L12,,,
20180704,L13,,,
20180704,L14,,,
20180704,L15,,,
20180704,L16,,,
20180704,L17,,,
20180704,L18,,,
20180704,L19,,,
20180704,L20,,,
20180704,L21,,,
20180704,L22,,,
20180704,L23,,,
20180704,L24,,,
20180704,M1,491,,
20180704,M2,491,,
20180704,M3,491,,
20180704,M4,482,,
20180704,M5,482,,
20180704,M6,482,,
20180704,M7,,,
20180704,M8,,,
20180704,M9,,,
20180704,M10,,,
20180704,M11,,,
20180704,M12,,,
20180704,M13,,,
20180704,M14,,,
20180704,M15,,,
20180704,M16,,,
20180704,M17,,,
20180704,M18,,,
20180704,M19,,,
20180704,M20,,,
20180704,M21,,,
20180704,M22,,,
20180704,M23,,,
20180704,M24,,,
20180704,N1,490,,
20180704,N2,490,,
20180704,N3,490,,
20180704,N4,461,,
20180704,N5,461,,
20180704,N6,461,,
20180704,N7,,,
20180704,N8,,,
20180704,N9,,,
20180704,N10,,,
20180704,N11,,,
20180704,N12,,,
20180704,N13,,,
20180704,N14,,,
20180704,N15,,,
20180704,N16,,,
20180704,N17,,,
20180704,N18,,,
20180704,N19,,,
20180704,N20,,,
20180704,N21,,,
20180704,N22,,,
20180704,N23,,,
20180704,N24,,,
20180704,O1,489,,
20180704,O2,489,,
20180704,O3,489,,
20180704,O4,460,,
20180704,O5,460,,
20180704,O6,460,,
20180704,O7,,,
20180704,O8,,,
20180704,O9,,,
20180704,O10,,,
20180704,O11,,,
20180704,O12,,,
20180704,O13,,,
20180704,O14,,,
20180704,O15,,,
20180704,O16,,,
20180704,O17,,,
20180704,O18,,,
20180704,O19,,,
20180704,O20,,,
20180704,O21,,,
20180704,O22,,,
20180704,O23,,,
20180704,O24,,,
20180704,P1,488,,
20180704,P2,488,,
20180704,P3,488,,
20180704,P4,459,,
20180704,P5,459,,
20180704,P6,459,,
20180704,P7,,,
20180704,P8,,,
20180704,P9,,,
20180704,P10,,,
20180704,P11,,,
20180704,P12,,,
20180704,P13,,,
20180704,P14,,,
20180704,P15,,,
20180704,P16,,,
20180704,P17,,,
20180704,P18,,,
20180704,P19,,,
20180704,P20,,,
20180704,P21,,,
20180704,P22,,,
20180704,P23,,,
20180704,P24,,,
20180705,A1,,1.70E-01,
20180705,A2,,1.70E-01,
20180705,A3,,1.70E-01,
20180705,A4,,1.50E-01,
20180705,A5,,1.50E-01,
20180705,A6,,1.50E-01,
20180705,A7,,,
20180705,A8,,,
20180705,A9,,,
20180705,A10,,,
20180705,A11,,,
20180705,A12,,,
20180705,A13,450,,
20180705,A14,450,,
20180705,A15,450,,
20180705,A16,357,,
20180705,A17,357,,
20180705,A18,357,,
20180705,A19,422,,
20180705,A20,422,,
20180705,A21,422,,
20180705,A22,,,
20180705,A23,,,
20180705,A24,,,
20180705,B1,,1.70E-02,
20180705,B2,,1.70E-02,
20180705,B3,,1.70E-02,
20180705,B4,,1.50E-02,
20180705,B5,,1.50E-02,
20180705,B6,,1.50E-02,
20180705,B7,,1.70E-02,
20180705,B8,,1.70E-02,
20180705,B9,,1.70E-02,
20180705,B10,,1.50E-02,
20180705,B11,,1.50E-02,
20180705,B12,,1.50E-02,
20180705,B13,449,,
20180705,B14,449,,
20180705,B15,449,,
20180705,B16,358,,
20180705,B17,358,,
20180705,B18,358,,
20180705,B19,423,,
20180705,B20,423,,
20180705,B21,423,,
20180705,B22,,,
20180705,B23,,,
20180705,B24,,,
20180705,C1,,1.70E-03,
20180705,C2,,1.70E-03,
20180705,C3,,1.70E-03,
20180705,C4,,1.50E-03,
20180705,C5,,1.50E-03,
20180705,C6,,1.50E-03,
20180705,C7,,1.70E-03,
20180705,C8,,1.70E-03,
20180705,C9,,1.70E-03,
20180705,C10,,1.50E-03,
20180705,C11,,1.50E-03,
20180705,C12,,1.50E-03,
20180705,C13,448,,
20180705,C14,448,,
20180705,C15,448,,
20180705,C16,359,,
20180705,C17,359,,
20180705,C18,359,,
20180705,C19,424,,
20180705,C20,424,,
20180705,C21,424,,
20180705,C22,,,
20180705,C23,,,
20180705,C24,,,
20180705,D1,,1.70E-04,
20180705,D2,,1.70E-04,
20180705,D3,,1.70E-04,
20180705,D4,,1.50E-04,
20180705,D5,,1.50E-04,
20180705,D6,,1.50E-04,
20180705,D7,,1.70E-04,
20180705,D8,,1.70E-04,
20180705,D9,,1.70E-04,
20180705,D10,,1.50E-04,
20180705,D11,,1.50E-04,
20180705,D12,,1.50E-04,
20180705,D13,446,,
20180705,D14,446,,
20180705,D15,446,,
20180705,D16,360,,
20180705,D17,360,,
20180705,D18,360,,
20180705,D19,430,,
20180705,D20,430,,
20180705,D21,430,,
20180705,D22,,,
20180705,D23,,,
20180705,D24,,,
20180705,E1,,1.70E-05,
20180705,E2,,1.70E-05,
20180705,E3,,1.70E-05,
20180705,E4,,1.50E-05,
20180705,E5,,1.50E-05,
20180705,E6,,1.50E-05,
20180705,E7,,1.70E-05,
20180705,E8,,1.70E-05,
20180705,E9,,1.70E-05,
20180705,E10,,1.50E-05,
20180705,E11,,1.50E-05,
20180705,E12,,1.50E-05,
20180705,E13,439,,
20180705,E14,439,,
20180705,E15,439,,
20180705,E16,363,,
20180705,E17,363,,
20180705,E18,363,,
20180705,E19,431,,
20180705,E20,431,,
20180705,E21,431,,
20180705,E22,,,
20180705,E23,,,
20180705,E24,,,
20180705,F1,,1.70E-06,
20180705,F2,,1.70E-06,
20180705,F3,,1.70E-06,
20180705,F4,,1.50E-06,
20180705,F5,,1.50E-06,
20180705,F6,,1.50E-06,
20180705,F7,,1.70E-06,
20180705,F8,,1.70E-06,
20180705,F9,,1.70E-06,
20180705,F10,,1.50E-06,
20180705,F11,,1.50E-06,
20180705,F12,,1.50E-06,
20180705,F13,437,,
20180705,F14,437,,
20180705,F15,437,,
20180705,F16,364,,
20180705,F17,364,,
20180705,F18,364,,
20180705,F19,432,,
20180705,F20,432,,
20180705,F21,432,,
20180705,F22,,,
20180705,F23,,,
20180705,F24,,,
20180705,G1,,1.70E-07,
20180705,G2,,1.70E-07,
20180705,G3,,1.70E-07,
20180705,G4,,1.50E-07,
20180705,G5,,1.50E-07,
20180705,G6,,1.50E-07,
20180705,G7,,,
20180705,G8,,,
20180705,G9,,,
20180705,G10,,,
20180705,G11,,,
20180705,G12,,,
20180705,G13,436,,
20180705,G14,436,,
20180705,G15,436,,
20180705,G16,365,,
20180705,G17,365,,
20180705,G18,365,,
20180705,G19,433,,
20180705,G20,433,,
20180705,G21,433,,
20180705,G22,,,
20180705,G23,,,
20180705,G24,,,
20180705,H1,ntc,,
20180705,H2,ntc,,
20180705,H3,ntc,,
20180705,H4,ntc,,
20180705,H5,ntc,,
20180705,H6,ntc,,
20180705,H7,,,
20180705,H8,,,
20180705,H9,,,
20180705,H10,,,
20180705,H11,,,
20180705,H12,,,
20180705,H13,435,,
20180705,H14,435,,
20180705,H15,435,,
20180705,H16,421,,
20180705,H17,421,,
20180705,H18,421,,
20180705,H19,434,,
20180705,H20,434,,
20180705,H21,434,,
20180705,H22,,,
20180705,H23,,,
20180705,H24,,,
20180705,I1,566,,
20180705,I2,566,,
20180705,I3,566,,
20180705,I4,575,,
20180705,I5,575,,
20180705,I6,575,,
20180705,I7,587,,
20180705,I8,587,,
20180705,I9,587,,
20180705,I10,7,,DO NOT USE THESE DATA 
20180705,I11,7,,DO NOT USE THESE DATA 
20180705,I12,7,,DO NOT USE THESE DATA 
20180705,I13,485,,
20180705,I14,485,,
20180705,I15,485,,
20180705,I16,273,,
20180705,I17,273,,
20180705,I18,273,,
20180705,I19,346,,
20180705,I20,346,,
20180705,I21,346,,
20180705,I22,,,
20180705,I23,,,
20180705,I24,,,
20180705,J1,567,,
20180705,J2,567,,
20180705,J3,567,,
20180705,J4,576,,
20180705,J5,576,,
20180705,J6,576,,
20180705,J7,588,,
20180705,J8,588,,
20180705,J9,588,,
20180705,J10,8,,DO NOT USE THESE DATA 
20180705,J11,8,,DO NOT USE THESE DATA 
20180705,J12,8,,DO NOT USE THESE DATA 
20180705,J13,246,,
20180705,J14,246,,
20180705,J15,246,,
20180705,J16,274,,
20180705,J17,274,,
20180705,J18,274,,
20180705,J19,347,,
20180705,J20,347,,
20180705,J21,347,,
20180705,J22,,,
20180705,J23,,,
20180705,J24,,,
20180705,K1,568,,
20180705,K2,568,,
20180705,K3,568,,
20180705,K4,577,,
20180705,K5,577,,
20180705,K6,577,,
20180705,K7,589,,
20180705,K8,589,,
20180705,K9,589,,
20180705,K10,9,,DO NOT USE THESE DATA 
20180705,K11,9,,DO NOT USE THESE DATA 
20180705,K12,9,,DO NOT USE THESE DATA 
20180705,K13,247,,
20180705,K14,247,,
20180705,K15,247,,
20180705,K16,331,,
20180705,K17,331,,
20180705,K18,331,,
20180705,K19,348,,
20180705,K20,348,,
20180705,K21,348,,
20180705,K22,,,
20180705,K23,,,
20180705,K24,,,
20180705,L1,569,,
20180705,L2,569,,
20180705,L3,569,,
20180705,L4,578,,
20180705,L5,578,,
20180705,L6,578,,
20180705,L7,590,,
20180705,L8,590,,
20180705,L9,590,,
20180705,L10,10,,DO NOT USE THESE DATA 
20180705,L11,10,,DO NOT USE THESE DATA 
20180705,L12,10,,DO NOT USE THESE DATA 
20180705,L13,248,,
20180705,L14,248,,
20180705,L15,248,,
20180705,L16,332,,
20180705,L17,332,,
20180705,L18,332,,
20180705,L19,349,,
20180705,L20,349,,
20180705,L21,349,,
20180705,L22,,,
20180705,L23,,,
20180705,L24,,,
20180705,M1,570,,
20180705,M2,570,,
20180705,M3,570,,
20180705,M4,579,,
20180705,M5,579,,
20180705,M6,579,,
20180705,M7,595,,
20180705,M8,595,,
20180705,M9,595,,
20180705,M10,28,,DO NOT USE THESE DATA 
20180705,M11,28,,DO NOT USE THESE DATA 
20180705,M12,28,,DO NOT USE THESE DATA 
20180705,M13,249,,
20180705,M14,249,,
20180705,M15,249,,
20180705,M16,333,,
20180705,M17,333,,
20180705,M18,333,,
20180705,M19,426,,
20180705,M20,426,,
20180705,M21,426,,
20180705,M22,,,
20180705,M23,,,
20180705,M24,,,
20180705,N1,571,,
20180705,N2,571,,
20180705,N3,571,,
20180705,N4,580,,
20180705,N5,580,,
20180705,N6,580,,
20180705,N7,598,,
20180705,N8,598,,
20180705,N9,598,,
20180705,N10,57,,DO NOT USE THESE DATA 
20180705,N11,57,,DO NOT USE THESE DATA 
20180705,N12,57,,DO NOT USE THESE DATA 
20180705,N13,267,,
20180705,N14,267,,
20180705,N15,267,,
20180705,N16,336,,
20180705,N17,336,,
20180705,N18,336,,
20180705,N19,427,,
20180705,N20,427,,
20180705,N21,427,,
20180705,N22,,,
20180705,N23,,,
20180705,N24,,,
20180705,O1,573,,
20180705,O2,573,,
20180705,O3,573,,
20180705,O4,585,,
20180705,O5,585,,
20180705,O6,585,,
20180705,O7,,,
20180705,O8,,,
20180705,O9,,,
20180705,O10,64,,DO NOT USE THESE DATA 
20180705,O11,64,,DO NOT USE THESE DATA 
20180705,O12,64,,DO NOT USE THESE DATA 
20180705,O13,268,,
20180705,O14,268,,
20180705,O15,268,,
20180705,O16,337,,
20180705,O17,337,,
20180705,O18,337,,
20180705,O19,428,,
20180705,O20,428,,
20180705,O21,428,,
20180705,O22,,,
20180705,O23,,,
20180705,O24,,,
20180705,P1,574,,
20180705,P2,574,,
20180705,P3,574,,
20180705,P4,586,,
20180705,P5,586,,
20180705,P6,586,,
20180705,P7,,,
20180705,P8,,,
20180705,P9,,,
20180705,P10,356,,DO NOT USE THESE DATA 
20180705,P11,356,,DO NOT USE THESE DATA 
20180705,P12,356,,DO NOT USE THESE DATA 
20180705,P13,269,,
20180705,P14,269,,
20180705,P15,269,,
20180705,P16,338,,
20180705,P17,338,,
20180705,P18,338,,
20180705,P19,451,,
20180705,P20,451,,
20180705,P21,451,,
20180705,P22,,,
20180705,P23,,,
20180705,P24,,,
20180710,A1,,1.70E-01,
20180710,A2,,1.70E-01,
20180710,A3,,1.70E-01,
20180710,A4,,1.50E-01,
20180710,A5,,1.50E-01,
20180710,A6,,1.50E-01,
20180710,A7,452,,
20180710,A8,452,,
20180710,A9,452,,
20180710,A10,468,,
20180710,A11,468,,
20180710,A12,468,,
20180710,A13,554,,
20180710,A14,554,,
20180710,A15,554,,
20180710,A16,235,,
20180710,A17,235,,
20180710,A18,235,,
20180710,A19,501,,
20180710,A20,501,,
20180710,A21,501,,
20180710,A22,249,,
20180710,A23,249,,
20180710,A24,249,,
20180710,B1,,1.70E-02,
20180710,B2,,1.70E-02,
20180710,B3,,1.70E-02,
20180710,B4,,1.50E-02,
20180710,B5,,1.50E-02,
20180710,B6,,1.50E-02,
20180710,B7,453,,
20180710,B8,453,,
20180710,B9,453,,
20180710,B10,469,,
20180710,B11,469,,
20180710,B12,469,,
20180710,B13,555,,
20180710,B14,555,,
20180710,B15,555,,
20180710,B16,253,,
20180710,B17,253,,
20180710,B18,253,,
20180710,B19,363,,
20180710,B20,363,,
20180710,B21,363,,
20180710,B22,267,,
20180710,B23,267,,
20180710,B24,267,,
20180710,C1,,1.70E-03,
20180710,C2,,1.70E-03,
20180710,C3,,1.70E-03,
20180710,C4,,1.50E-03,
20180710,C5,,1.50E-03,
20180710,C6,,1.50E-03,
20180710,C7,454,,
20180710,C8,454,,
20180710,C9,454,,
20180710,C10,470,,
20180710,C11,470,,
20180710,C12,470,,
20180710,C13,556,,
20180710,C14,556,,
20180710,C15,556,,
20180710,C16,264,,
20180710,C17,264,,
20180710,C18,264,,
20180710,C19,430,,
20180710,C20,430,,
20180710,C21,430,,
20180710,C22,333,,
20180710,C23,333,,
20180710,C24,333,,
20180710,D1,,1.70E-04,
20180710,D2,,1.70E-04,
20180710,D3,,1.70E-04,
20180710,D4,,1.50E-04,
20180710,D5,,1.50E-04,
20180710,D6,,1.50E-04,
20180710,D7,462,,
20180710,D8,462,,
20180710,D9,462,,
20180710,D10,471,,
20180710,D11,471,,
20180710,D12,471,,
20180710,D13,557,,
20180710,D14,557,,
20180710,D15,557,,
20180710,D16,327,,
20180710,D17,327,,
20180710,D18,327,,
20180710,D19,566,,
20180710,D20,566,,
20180710,D21,566,,
20180710,D22,337,,
20180710,D23,337,,
20180710,D24,337,,
20180710,E1,,1.70E-05,
20180710,E2,,1.70E-05,
20180710,E3,,1.70E-05,
20180710,E4,,1.50E-05,
20180710,E5,,1.50E-05,
20180710,E6,,1.50E-05,
20180710,E7,463,,
20180710,E8,463,,
20180710,E9,463,,
20180710,E10,472,,
20180710,E11,472,,
20180710,E12,472,,
20180710,E13,558,,
20180710,E14,558,,
20180710,E15,558,,
20180710,E16,446,,
20180710,E17,446,,
20180710,E18,446,,
20180710,E19,567,,
20180710,E20,567,,
20180710,E21,567,,
20180710,E22,338,,
20180710,E23,338,,
20180710,E24,338,,
20180710,F1,,1.70E-06,
20180710,F2,,1.70E-06,
20180710,F3,,1.70E-06,
20180710,F4,,1.50E-06,
20180710,F5,,1.50E-06,
20180710,F6,,1.50E-06,
20180710,F7,464,,
20180710,F8,464,,
20180710,F9,464,,
20180710,F10,473,,
20180710,F11,473,,
20180710,F12,473,,
20180710,F13,559,,
20180710,F14,559,,
20180710,F15,559,,
20180710,F16,436,,
20180710,F17,436,,
20180710,F18,436,,
20180710,F19,569,,
20180710,F20,569,,
20180710,F21,569,,
20180710,F22,347,,
20180710,F23,347,,
20180710,F24,347,,
20180710,G1,,1.70E-07,
20180710,G2,,1.70E-07,
20180710,G3,,1.70E-07,
20180710,G4,,1.50E-07,
20180710,G5,,1.50E-07,
20180710,G6,,1.50E-07,
20180710,G7,465,,
20180710,G8,465,,
20180710,G9,465,,
20180710,G10,551,,
20180710,G11,551,,
20180710,G12,551,,
20180710,G13,581,,
20180710,G14,581,,
20180710,G15,581,,
20180710,G16,484,,
20180710,G17,484,,
20180710,G18,484,,
20180710,G19,570,,
20180710,G20,570,,
20180710,G21,570,,
20180710,G22,349,,
20180710,G23,349,,
20180710,G24,349,,
20180710,H1,ntc,,
20180710,H2,ntc,,
20180710,H3,ntc,,
20180710,H4,ntc,,
20180710,H5,ntc,,
20180710,H6,ntc,,
20180710,H7,466,,
20180710,H8,466,,
20180710,H9,466,,
20180710,H10,552,,
20180710,H11,552,,
20180710,H12,552,,
20180710,H13,582,,
20180710,H14,582,,
20180710,H15,582,,
20180710,H16,499,,
20180710,H17,499,,
20180710,H18,499,,
20180710,H19,578,,
20180710,H20,578,,
20180710,H21,578,,
20180710,H22,454,,
20180710,H23,454,,
20180710,H24,454,,
20180711,A1,,,
20180711,A2,,,
20180711,A3,,,
20180711,A4,,,
20180711,A5,,,
20180711,A6,,,
20180711,A7,7,,
20180711,A8,7,,
20180711,A9,7,,
20180711,A10,357,,
20180711,A11,357,,
20180711,A12,357,,
20180711,A13,,,
20180711,A14,,,
20180711,A15,,,
20180711,A16,,,
20180711,A17,,,
20180711,A18,,,
20180711,A19,,,
20180711,A20,,,
20180711,A21,,,
20180711,A22,,,
20180711,A23,,,
20180711,A24,,,
20180711,B1,,1.70E-02,
20180711,B2,,1.70E-02,
20180711,B3,,,
20180711,B4,,1.50E-02,
20180711,B5,,1.50E-02,
20180711,B6,,,
20180711,B7,8,,
20180711,B8,8,,
20180711,B9,8,,
20180711,B10,358,,
20180711,B11,358,,
20180711,B12,358,,
20180711,B13,,,
20180711,B14,,,
20180711,B15,,,
20180711,B16,,,
20180711,B17,,,
20180711,B18,,,
20180711,B19,,,
20180711,B20,,,
20180711,B21,,,
20180711,B22,,,
20180711,B23,,,
20180711,B24,,,
20180711,C1,,1.70E-03,
20180711,C2,,1.70E-03,
20180711,C3,,,
20180711,C4,,1.50E-03,
20180711,C5,,1.50E-03,
20180711,C6,,,
20180711,C7,9,,
20180711,C8,9,,
20180711,C9,9,,
20180711,C10,359,,
20180711,C11,359,,
20180711,C12,359,,
20180711,C13,,,
20180711,C14,,,
20180711,C15,,,
20180711,C16,,,
20180711,C17,,,
20180711,C18,,,
20180711,C19,,,
20180711,C20,,,
20180711,C21,,,
20180711,C22,,,
20180711,C23,,,
20180711,C24,,,
20180711,D1,,1.70E-04,
20180711,D2,,1.70E-04,
20180711,D3,,,
20180711,D4,,1.50E-04,
20180711,D5,,1.50E-04,
20180711,D6,,,
20180711,D7,10,,
20180711,D8,10,,
20180711,D9,10,,
20180711,D10,360,,
20180711,D11,360,,
20180711,D12,360,,
20180711,D13,,,
20180711,D14,,,
20180711,D15,,,
20180711,D16,,,
20180711,D17,,,
20180711,D18,,,
20180711,D19,,,
20180711,D20,,,
20180711,D21,,,
20180711,D22,,,
20180711,D23,,,
20180711,D24,,,
20180711,E1,,1.70E-05,
20180711,E2,,1.70E-05,
20180711,E3,,,
20180711,E4,,1.50E-05,
20180711,E5,,1.50E-05,
20180711,E6,,,
20180711,E7,28,,
20180711,E8,28,,
20180711,E9,28,,
20180711,E10,421,,
20180711,E11,421,,
20180711,E12,421,,
20180711,E13,,,
20180711,E14,,,
20180711,E15,,,
20180711,E16,,,
20180711,E17,,,
20180711,E18,,,
20180711,E19,,,
20180711,E20,,,
20180711,E21,,,
20180711,E22,,,
20180711,E23,,,
20180711,E24,,,
20180711,F1,,1.70E-06,
20180711,F2,,1.70E-06,
20180711,F3,,,
20180711,F4,,1.50E-06,
20180711,F5,,1.50E-06,
20180711,F6,,,
20180711,F7,57,,
20180711,F8,57,,
20180711,F9,57,,
20180711,F10,244,,
20180711,F11,244,,
20180711,F12,244,,
20180711,F13,,,
20180711,F14,,,
20180711,F15,,,
20180711,F16,,,
20180711,F17,,,
20180711,F18,,,
20180711,F19,,,
20180711,F20,,,
20180711,F21,,,
20180711,F22,,,
20180711,F23,,,
20180711,F24,,,
20180711,G1,,,
20180711,G2,,,
20180711,G3,,,
20180711,G4,,,
20180711,G5,,,
20180711,G6,,,
20180711,G7,64,,
20180711,G8,64,,
20180711,G9,64,,
20180711,G10,264,,
20180711,G11,264,,
20180711,G12,264,,
20180711,G13,,,
20180711,G14,,,
20180711,G15,,,
20180711,G16,,,
20180711,G17,,,
20180711,G18,,,
20180711,G19,,,
20180711,G20,,,
20180711,G21,,,
20180711,G22,,,
20180711,G23,,,
20180711,G24,,,
20180711,H1,ntc,,
20180711,H2,ntc,,
20180711,H3,ntc,,
20180711,H4,ntc,,
20180711,H5,ntc,,
20180711,H6,ntc,,
20180711,H7,356,,
20180711,H8,356,,
20180711,H9,356,,
20180711,H10,327,,
20180711,H11,327,,
20180711,H12,327,,
20180711,H13,,,
20180711,H14,,,
20180711,H15,,,
20180711,H16,,,
20180711,H17,,,
20180711,H18,,,
20180711,H19,,,
20180711,H20,,,
20180711,H21,,,
20180711,H22,,,
20180711,H23,,,
20180711,H24,,,
20180711,I1,,,
20180711,I2,,,
20180711,I3,,,
20180711,I4,,,
20180711,I5,,,
20180711,I6,,,
20180711,I7,,,
20180711,I8,,,
20180711,I9,,,
20180711,I10,,,
20180711,I11,,,
20180711,I12,,,
20180711,I13,,,
20180711,I14,,,
20180711,I15,,,
20180711,I16,,,
20180711,I17,,,
20180711,I18,,,
20180711,I19,,,
20180711,I20,,,
20180711,I21,,,
20180711,I22,,,
20180711,I23,,,
20180711,I24,,,
20180711,J1,,,
20180711,J2,,,
20180711,J3,,,
20180711,J4,,,
20180711,J5,,,
20180711,J6,,,
20180711,J7,,,
20180711,J8,,,
20180711,J9,,,
20180711,J10,,,
20180711,J11,,,
20180711,J12,,,
20180711,J13,,,
20180711,J14,,,
20180711,J15,,,
20180711,J16,,,
20180711,J17,,,
20180711,J18,,,
20180711,J19,,,
20180711,J20,,,
20180711,J21,,,
20180711,J22,,,
20180711,J23,,,
20180711,J24,,,
20180711,K1,,,
20180711,K2,,,
20180711,K3,,,
20180711,K4,,,
20180711,K5,,,
20180711,K6,,,
20180711,K7,,,
20180711,K8,,,
20180711,K9,,,
20180711,K10,,,
20180711,K11,,,
20180711,K12,,,
20180711,K13,,,
20180711,K14,,,
20180711,K15,,,
20180711,K16,,,
20180711,K17,,,
20180711,K18,,,
20180711,K19,,,
20180711,K20,,,
20180711,K21,,,
20180711,K22,,,
20180711,K23,,,
20180711,K24,,,
20180711,L1,,,
20180711,L2,,,
20180711,L3,,,
20180711,L4,,,
20180711,L5,,,
20180711,L6,,,
20180711,L7,,,
20180711,L8,,,
20180711,L9,,,
20180711,L10,,,
20180711,L11,,,
20180711,L12,,,
20180711,L13,,,
20180711,L14,,,
20180711,L15,,,
20180711,L16,,,
20180711,L17,,,
20180711,L18,,,
20180711,L19,,,
20180711,L20,,,
20180711,L21,,,
20180711,L22,,,
20180711,L23,,,
20180711,L24,,,
20180711,M1,,,
20180711,M2,,,
20180711,M3,,,
20180711,M4,,,
20180711,M5,,,
20180711,M6,,,
20180711,M7,,,
20180711,M8,,,
20180711,M9,,,
20180711,M10,,,
20180711,M11,,,
20180711,M12,,,
20180711,M13,,,
20180711,M14,,,
20180711,M15,,,
20180711,M16,,,
20180711,M17,,,
20180711,M18,,,
20180711,M19,,,
20180711,M20,,,
20180711,M21,,,
20180711,M22,,,
20180711,M23,,,
20180711,M24,,,
20180711,N1,,,
20180711,N2,,,
20180711,N3,,,
20180711,N4,,,
20180711,N5,,,
20180711,N6,,,
20180711,N7,,,
20180711,N8,,,
20180711,N9,,,
20180711,N10,,,
20180711,N11,,,
20180711,N12,,,
20180711,N13,,,
20180711,N14,,,
20180711,N15,,,
20180711,N16,,,
20180711,N17,,,
20180711,N18,,,
20180711,N19,,,
20180711,N20,,,
20180711,N21,,,
20180711,N22,,,
20180711,N23,,,
20180711,N24,,,
20180711,O1,,,
20180711,O2,,,
20180711,O3,,,
20180711,O4,,,
20180711,O5,,,
20180711,O6,,,
20180711,O7,,,
20180711,O8,,,
20180711,O9,,,
20180711,O10,,,
20180711,O11,,,
20180711,O12,,,
20180711,O13,,,
20180711,O14,,,
20180711,O15,,,
20180711,O16,,,
20180711,O17,,,
20180711,O18,,,
20180711,O19,,,
20180711,O20,,,
20180711,O21,,,
20180711,O22,,,
20180711,O23,,,
20180711,O24,,,
20180711,P1,,,
20180711,P2,,,
20180711,P3,,,
20180711,P4,,,
20180711,P5,,,
20180711,P6,,,
20180711,P7,,,
20180711,P8,,,
20180711,P9,,,
20180711,P10,,,
20180711,P11,,,
20180711,P12,,,
20180711,P13,,,
20180711,P14,,,
20180711,P15,,,
20180711,P16,,,
20180711,P17,,,
20180711,P18,,,
20180711,P19,,,
20180711,P20,,,
20180711,P21,,,
20180711,P22,,,
20180711,P23,,,
20180711,P24,,,
20180807,A1,,2.32E-01,
20180807,A2,,2.32E-01,
20180807,A3,,2.32E-01,
20180807,A4,,1.08E+00,
20180807,A5,,1.08E+00,
20180807,A6,,1.08E+00,
20180807,A7,233,,
20180807,A8,325,,
20180807,A9,467,,
20180807,A10,233,,
20180807,A11,325,,
20180807,A12,467,,
20180807,A13,233,,
20180807,A14,325,,
20180807,A15,467,,
20180807,A16,,,
20180807,A17,,,
20180807,A18,,,
20180807,A19,,,
20180807,A20,,,
20180807,A21,,,
20180807,A22,,,
20180807,A23,,,
20180807,A24,,,
20180807,B1,,2.32E-02,
20180807,B2,,2.32E-02,
20180807,B3,,2.32E-02,
20180807,B4,,1.08E-01,
20180807,B5,,1.08E-01,
20180807,B6,,1.08E-01,
20180807,B7,241,,
20180807,B8,324,,
20180807,B9,583,,
20180807,B10,241,,
20180807,B11,324,,
20180807,B12,583,,
20180807,B13,241,,
20180807,B14,324,,
20180807,B15,583,,
20180807,B16,,,
20180807,B17,,,
20180807,B18,,,
20180807,B19,,,
20180807,B20,,,
20180807,B21,,,
20180807,B22,,,
20180807,B23,,,
20180807,B24,,,
20180807,C1,,2.32E-03,
20180807,C2,,2.32E-03,
20180807,C3,,2.32E-03,
20180807,C4,,1.08E-02,
20180807,C5,,1.08E-02,
20180807,C6,,1.08E-02,
20180807,C7,242,,
20180807,C8,335,,
20180807,C9,584,,
20180807,C10,242,,
20180807,C11,335,,
20180807,C12,584,,
20180807,C13,242,,
20180807,C14,335,,
20180807,C15,584,,
20180807,C16,,,
20180807,C17,,,
20180807,C18,,,
20180807,C19,,,
20180807,C20,,,
20180807,C21,,,
20180807,C22,,,
20180807,C23,,,
20180807,C24,,,
20180807,D1,,2.32E-04,
20180807,D2,,2.32E-04,
20180807,D3,,2.32E-04,
20180807,D4,,1.80E-03,
20180807,D5,,1.80E-03,
20180807,D6,,1.80E-03,
20180807,D7,252,,
20180807,D8,344,,
20180807,D9,8,,
20180807,D10,252,,
20180807,D11,344,,
20180807,D12,8,,
20180807,D13,252,,
20180807,D14,344,,
20180807,D15,8,,
20180807,D16,,,
20180807,D17,,,
20180807,D18,,,
20180807,D19,,,
20180807,D20,,,
20180807,D21,,,
20180807,D22,,,
20180807,D23,,,
20180807,D24,,,
20180807,E1,,2.32E-05,
20180807,E2,,2.32E-05,
20180807,E3,,2.32E-05,
20180807,E4,,1.08E-04,
20180807,E5,,1.08E-04,
20180807,E6,,1.08E-04,
20180807,E7,261,,
20180807,E8,352,,
20180807,E9,264,,
20180807,E10,261,,
20180807,E11,352,,
20180807,E12,264,,
20180807,E13,261,,
20180807,E14,352,,
20180807,E15,264,,
20180807,E16,,,
20180807,E17,,,
20180807,E18,,,
20180807,E19,,,
20180807,E20,,,
20180807,E21,,,
20180807,E22,,,
20180807,E23,,,
20180807,E24,,,
20180807,F1,,2.32E-06,
20180807,F2,,2.32E-06,
20180807,F3,,2.32E-06,
20180807,F4,,1.08E-05,
20180807,F5,,1.08E-05,
20180807,F6,,1.08E-05,
20180807,F7,262,,
20180807,F8,355,,
20180807,F9,356,,
20180807,F10,262,,
20180807,F11,355,,
20180807,F12,356,,
20180807,F13,262,,
20180807,F14,355,,
20180807,F15,356,,
20180807,F16,,,
20180807,F17,,,
20180807,F18,,,
20180807,F19,,,
20180807,F20,,,
20180807,F21,,,
20180807,F22,,,
20180807,F23,,,
20180807,F24,,,
20180807,G1,,,
20180807,G2,,,
20180807,G3,,,
20180807,G4,,,
20180807,G5,,,
20180807,G6,,,
20180807,G7,271,,
20180807,G8,361,,
20180807,G9,421,,
20180807,G10,271,,
20180807,G11,361,,
20180807,G12,421,,
20180807,G13,271,,
20180807,G14,361,,
20180807,G15,421,,
20180807,G16,,,
20180807,G17,,,
20180807,G18,,,
20180807,G19,,,
20180807,G20,,,
20180807,G21,,,
20180807,G22,,,
20180807,G23,,,
20180807,G24,,,
20180807,H1,,,
20180807,H2,,,
20180807,H3,,,
20180807,H4,,,
20180807,H5,,,
20180807,H6,,,
20180807,H7,272,,
20180807,H8,458,,
20180807,H9,neg,,
20180807,H10,272,,
20180807,H11,458,,
20180807,H12,neg,,
20180807,H13,272,,
20180807,H14,458,,
20180807,H15,neg,,
20180807,H16,,,
20180807,H17,,,
20180807,H18,,,
20180807,H19,,,
20180807,H20,,,
20180807,H21,,,
20180807,H22,,,
20180807,H23,,,
20180807,H24,,,
20180807,I1,,,
20180807,I2,,,
20180807,I3,,,
20180807,I4,,,
20180807,I5,,,
20180807,I6,,,
20180807,I7,,,
20180807,I8,,,
20180807,I9,,,
20180807,I10,,,
20180807,I11,,,
20180807,I12,,,
20180807,I13,,,
20180807,I14,,,
20180807,I15,,,
20180807,I16,,,
20180807,I17,,,
20180807,I18,,,
20180807,I19,,,
20180807,I20,,,
20180807,I21,,,
20180807,I22,,,
20180807,I23,,,
20180807,I24,,,
20180807,J1,,,
20180807,J2,,,
20180807,J3,,,
20180807,J4,,,
20180807,J5,,,
20180807,J6,,,
20180807,J7,,,
20180807,J8,,,
20180807,J9,,,
20180807,J10,,,
20180807,J11,,,
20180807,J12,,,
20180807,J13,,,
20180807,J14,,,
20180807,J15,,,
20180807,J16,,,
20180807,J17,,,
20180807,J18,,,
20180807,J19,,,
20180807,J20,,,
20180807,J21,,,
20180807,J22,,,
20180807,J23,,,
20180807,J24,,,
20180807,K1,,,
20180807,K2,,,
20180807,K3,,,
20180807,K4,,,
20180807,K5,,,
20180807,K6,,,
20180807,K7,,,
20180807,K8,,,
20180807,K9,,,
20180807,K10,,,
20180807,K11,,,
20180807,K12,,,
20180807,K13,,,
20180807,K14,,,
20180807,K15,,,
20180807,K16,,,
20180807,K17,,,
20180807,K18,,,
20180807,K19,,,
20180807,K20,,,
20180807,K21,,,
20180807,K22,,,
20180807,K23,,,
20180807,K24,,,
20180807,L1,,,
20180807,L2,,,
20180807,L3,,,
20180807,L4,,,
20180807,L5,,,
20180807,L6,,,
20180807,L7,,,
20180807,L8,,,
20180807,L9,,,
20180807,L10,,,
20180807,L11,,,
20180807,L12,,,
20180807,L13,,,
20180807,L14,,,
20180807,L15,,,
20180807,L16,,,
20180807,L17,,,
20180807,L18,,,
20180807,L19,,,
20180807,L20,,,
20180807,L21,,,
20180807,L22,,,
20180807,L23,,,
20180807,L24,,,
20180807,M1,,,
20180807,M2,,,
20180807,M3,,,
20180807,M4,,,
20180807,M5,,,
20180807,M6,,,
20180807,M7,,,
20180807,M8,,,
20180807,M9,,,
20180807,M10,,,
20180807,M11,,,
20180807,M12,,,
20180807,M13,,,
20180807,M14,,,
20180807,M15,,,
20180807,M16,,,
20180807,M17,,,
20180807,M18,,,
20180807,M19,,,
20180807,M20,,,
20180807,M21,,,
20180807,M22,,,
20180807,M23,,,
20180807,M24,,,
20180807,N1,,,
20180807,N2,,,
20180807,N3,,,
20180807,N4,,,
20180807,N5,,,
20180807,N6,,,
20180807,N7,,,
20180807,N8,,,
20180807,N9,,,
20180807,N10,,,
20180807,N11,,,
20180807,N12,,,
20180807,N13,,,
20180807,N14,,,
20180807,N15,,,
20180807,N16,,,
20180807,N17,,,
20180807,N18,,,
20180807,N19,,,
20180807,N20,,,
20180807,N21,,,
20180807,N22,,,
20180807,N23,,,
20180807,N24,,,
20180807,O1,,,
20180807,O2,,,
20180807,O3,,,
20180807,O4,,,
20180807,O5,,,
20180807,O6,,,
20180807,O7,,,
20180807,O8,,,
20180807,O9,,,
20180807,O10,,,
20180807,O11,,,
20180807,O12,,,
20180807,O13,,,
20180807,O14,,,
20180807,O15,,,
20180807,O16,,,
20180807,O17,,,
20180807,O18,,,
20180807,O19,,,
20180807,O20,,,
20180807,O21,,,
20180807,O22,,,
20180807,O23,,,
20180807,O24,,,
20180807,P1,,,
20180807,P2,,,
20180807,P3,,,
20180807,P4,,,
20180807,P5,,,
20180807,P6,,,
20180807,P7,,,
20180807,P8,,,
20180807,P9,,,
20180807,P10,,,
20180807,P11,,,
20180807,P12,,,
20180807,P13,,,
20180807,P14,,,
20180807,P15,,,
20180807,P16,,,
20180807,P17,,,
20180807,P18,,,
20180807,P19,,,
20180807,P20,,,
20180807,P21,,,
20180807,P22,,,
20180807,P23,,,
20180807,P24,,,